{
  "temperature": {
    "r2": 0.8167508090807593,
    "mae": 0.32700433520689487,
    "rmse": 0.41860132179321563,
    "cv_mae_mean": 0.3310866867508714,
    "cv_rmse_mean": 0.41838799735152127,
    "features": [
      "pressure_msl",
      "radiation",
      "wind_y"
    ],
    "n_samples_train": 70099,
    "n_samples_test": 17525
  },
  "humidity": {
    "r2": 0.4103352656405177,
    "mae": 0.620521637908143,
    "rmse": 0.7898482493004823,
    "features": [
      "radiation",
      "w_51",
      "w_53",
      "w_61",
      "w_63"
    ]
  },
  "precipitation": {
    "r2": 0.8729774548587348,
    "mae": 0.15552463635380268,
    "rmse": 0.4192333302572261,
    "features": [
      "w_63",
      "w_65",
      "w_61"
    ]
  },
  "training_date": "2025-12-28T03:44:11.185237",
  "model_version": "v2.0-timeseries"
}