{
  "temperature": {
    "r2": 0.8173010995696175,
    "mae": 0.32760969337143553,
    "rmse": 0.41920226432107915,
    "cv_mae_mean": 0.3309117328403909,
    "cv_rmse_mean": 0.4183757667618206,
    "features": [
      "pressure_msl",
      "radiation",
      "wind_y"
    ],
    "n_samples_train": 70099,
    "n_samples_test": 17525
  },
  "humidity": {
    "r2": 0.41070915996688284,
    "mae": 0.6195153914414627,
    "rmse": 0.7885816326186661,
    "features": [
      "radiation",
      "w_51",
      "w_53",
      "w_61",
      "w_63"
    ]
  },
  "precipitation": {
    "r2": 0.8730746112477458,
    "mae": 0.15532667945395007,
    "rmse": 0.418997163674458,
    "features": [
      "w_63",
      "w_65",
      "w_61"
    ]
  },
  "training_date": "2026-01-04T03:47:21.379069",
  "model_version": "v2.0-timeseries"
}