{
  "temperature": {
    "r2": 0.8145382918342772,
    "mae": 0.3326471267092827,
    "rmse": 0.42524556194143237,
    "cv_mae_mean": 0.32942559859838794,
    "cv_rmse_mean": 0.41740686613397937,
    "features": [
      "pressure_msl",
      "radiation",
      "wind_y"
    ],
    "n_samples_train": 70099,
    "n_samples_test": 17525
  },
  "humidity": {
    "r2": 0.41536102645843065,
    "mae": 0.6197611195011826,
    "rmse": 0.7872071196469157,
    "features": [
      "radiation",
      "w_51",
      "w_53",
      "w_61",
      "w_63"
    ]
  },
  "precipitation": {
    "r2": 0.8742085961545204,
    "mae": 0.15320054624652066,
    "rmse": 0.41682806534376693,
    "features": [
      "w_63",
      "w_65",
      "w_61"
    ]
  },
  "training_date": "2026-01-25T03:50:23.455050",
  "model_version": "v2.0-timeseries"
}